create database Music2;

use Music2;

CREATE TABLE Users (
    User_ID INT PRIMARY KEY,
    Username VARCHAR(255),
    Email VARCHAR(255) UNIQUE,
    Location VARCHAR(255),
    User_type VARCHAR(50)
);

CREATE TABLE Album (
    Album_Id INT PRIMARY KEY,
    User_ID INT,
    Album_cover_Artist VARCHAR(255),
    Album_Name VARCHAR(255),
    Album_view_count INT,
    FOREIGN KEY (User_ID) REFERENCES Users(User_ID)
);

CREATE TABLE Songs (
    Song_ID INT PRIMARY KEY,
    Album_ID INT,
    User_id INT,
    Song_Name VARCHAR(255),
    BPM INT,
    Mood VARCHAR(50),
    Writer VARCHAR(255),
    Release_date DATE,
    Duration TIME,
    Featured_in VARCHAR(255),
    View_count INT,
    Music_notes TEXT,
    Title VARCHAR(255),
    Genre VARCHAR(50),
    Languages VARCHAR(255),
    Lyrics TEXT,
    FOREIGN KEY (Album_ID) REFERENCES Album(Album_Id),
    FOREIGN KEY (User_id) REFERENCES Users(User_ID)
);

CREATE TABLE Listen (
    User_ID INT,
    Song_ID INT,
    Timestamp DATETIME,
    PRIMARY KEY (User_ID, Song_ID),
    FOREIGN KEY (User_ID) REFERENCES Users(User_ID),
    FOREIGN KEY (Song_ID) REFERENCES Songs(Song_ID)
);

CREATE TABLE Downloads (
    User_ID INT,
    Song_ID INT,
    Timestamp DATETIME,
    PRIMARY KEY (User_ID, Song_ID),
    FOREIGN KEY (User_ID) REFERENCES Users(User_ID),
    FOREIGN KEY (Song_ID) REFERENCES Songs(Song_ID)
);

CREATE TABLE Track (
    Track_id INT PRIMARY KEY,
    Creator INT,
    Track_name VARCHAR(255),
    Length TIME,
    FOREIGN KEY (Creator) REFERENCES Users(User_ID)
);

CREATE TABLE Contains (
    Track_ID INT,
    Song_ID INT,
    PRIMARY KEY (Track_ID, Song_ID),
    FOREIGN KEY (Track_ID) REFERENCES Track(Track_id),
    FOREIGN KEY (Song_ID) REFERENCES Songs(Song_ID)
);

CREATE TABLE Rate (
    User_ID INT,
    Song_ID INT,
    Timestamp DATETIME,
    PRIMARY KEY (User_ID, Song_ID),
    FOREIGN KEY (User_ID) REFERENCES Users(User_ID),
    FOREIGN KEY (Song_ID) REFERENCES Songs(Song_ID)
);

CREATE TABLE Playlist (
    Playlist_ID INT PRIMARY KEY,
    Creator INT,
    Name VARCHAR(255),
    Public_Private VARCHAR(50),
    View_count INT,
    FOREIGN KEY (Creator) REFERENCES Users(User_ID)
);

CREATE TABLE playlistsContains (
    Song_ID INT,
    Playlist_ID INT,
    Date_added DATE,
    Rank_in_playlist INT,
    PRIMARY KEY (Song_ID, Playlist_ID),
    FOREIGN KEY (Song_ID) REFERENCES Songs(Song_ID),
    FOREIGN KEY (Playlist_ID) REFERENCES Playlist(Playlist_ID)
);

CREATE TABLE Follows (
    Playlist_ID INT,
    User_ID INT,
    Start_date DATE,
    End_date DATE,
    PRIMARY KEY (Playlist_ID, User_ID),
    FOREIGN KEY (Playlist_ID) REFERENCES Playlist(Playlist_ID),
    FOREIGN KEY (User_ID) REFERENCES Users(User_ID)
);


INSERT INTO Users (User_ID, Username, Email, Location, User_type) VALUES
(1, 'johndoe', 'johndoe@gmail.com', 'New York, USA', 'User'),
(2, 'janedoe', 'janedoe@gmail.com', 'Los Angeles, USA', 'Musician'),
(3, 'michaelbrown', 'michaelbrown@gmail.com', 'Chicago, USA', 'User'),
(4, 'emilywhite', 'emilywhite@gmail.com', 'Houston, USA', 'Musician'),
(5, 'davidjohnson', 'davidjohnson@gmail.com', 'Phoenix, USA', 'User'),
(6, 'saradavis', 'saradavis@gmail.com', 'Philadelphia, USA', 'Musician'),
(7, 'jamesmiller', 'jamesmiller@gmail.com', 'San Antonio, USA', 'User'),
(8, 'marywilson', 'marywilson@gmail.com', 'San Diego, USA', 'Musician'),
(9, 'roberttaylor', 'roberttaylor@gmail.com', 'Dallas, USA', 'User'),
(10, 'lindamoore', 'lindamoore@gmail.com', 'San Jose, USA', 'DJ'),
(11, 'williamanderson', 'williamanderson@gmail.com', 'Austin, USA', 'User'),
(12, 'patriciaharris', 'patriciaharris@gmail.com', 'Jacksonville, USA', 'Musician'),
(13, 'charlesmartinez', 'charlesmartinez@gmail.com', 'San Francisco, USA', 'User'),
(14, 'jenniferthompson', 'jenniferthompson@gmail.com', 'Columbus, USA', 'Musician'),
(15, 'stevenhernandez', 'stevenhernandez@gmail.com', 'Fort Worth, USA', 'User'),
(16, 'karenmartin', 'karenmartin@gmail.com', 'Charlotte, USA', 'Musician'),
(17, 'josephlee', 'josephlee@gmail.com', 'Indianapolis, USA', 'User'),
(18, 'susanclark', 'susanclark@gmail.com', 'Seattle, USA', 'Musician'),
(19, 'paulrodriguez', 'paulrodriguez@gmail.com', 'Denver, USA', 'User'),
(20, 'barbaramartinez', 'barbaramartinez@gmail.com', 'Washington, USA', 'DJ'),
(21, 'matthewlewis', 'matthewlewis@gmail.com', 'Boston, USA', 'User'),
(22, 'nancyscott', 'nancyscott@gmail.com', 'El Paso, USA', 'Musician'),
(23, 'donaldwalker', 'donaldwalker@gmail.com', 'Nashville, USA', 'User'),
(24, 'dorothyhill', 'dorothyhill@gmail.com', 'Detroit, USA', 'Musician'),
(25, 'kevinallen', 'kevinallen@gmail.com', 'Oklahoma City, USA', 'User'),
(26, 'sandralopez', 'sandralopez@gmail.com', 'Portland, USA', 'Musician'),
(27, 'jasonyoung', 'jasonyoung@gmail.com', 'Las Vegas, USA', 'User'),
(28, 'ashleyking', 'ashleyking@gmail.com', 'Memphis, USA', 'Musician'),
(29, 'brianwright', 'brianwright@gmail.com', 'Louisville, USA', 'User'),
(30, 'melissagreen', 'melissagreen@gmail.com', 'Baltimore, USA', 'DJ'),
(31, 'georgesanchez', 'georgesanchez@gmail.com', 'Milwaukee, USA', 'User'),
(32, 'lisahill', 'lisahill@gmail.com', 'Albuquerque, USA', 'Musician'),
(33, 'edwardclark', 'edwardclark@gmail.com', 'Tucson, USA', 'User'),
(34, 'bettyrobinson', 'bettyrobinson@gmail.com', 'Fresno, USA', 'Musician'),
(35, 'richardmoore', 'richardmoore@gmail.com', 'Sacramento, USA', 'User'),
(36, 'helenyoung', 'helenyoung@gmail.com', 'Mesa, USA', 'Musician'),
(37, 'kennethmartin', 'kennethmartin@gmail.com', 'Kansas City, USA', 'User'),
(38, 'donnalee', 'donnalee@gmail.com', 'Atlanta, USA', 'Musician'),
(39, 'ronaldwhite', 'ronaldwhite@gmail.com', 'Omaha, USA', 'User'),
(40, 'cindythomas', 'cindythomas@gmail.com', 'Raleigh, USA', 'DJ'),
(41, 'anthonywalker', 'anthonywalker@gmail.com', 'Miami, USA', 'User'),
(42, 'amandawilson', 'amandawilson@gmail.com', 'Long Beach, USA', 'Musician'),
(43, 'markbrown', 'markbrown@gmail.com', 'Virginia Beach, USA', 'User'),
(44, 'angelathompson', 'angelathompson@gmail.com', 'Oakland, USA', 'Musician'),
(45, 'frankhernandez', 'frankhernandez@gmail.com', 'Minneapolis, USA', 'User'),
(46, 'rebeccacarter', 'rebeccacarter@gmail.com', 'Tulsa, USA', 'Musician'),
(47, 'scottmartinez', 'scottmartinez@gmail.com', 'Arlington, USA', 'User'),
(48, 'lauragarcia', 'lauragarcia@gmail.com', 'New Orleans, USA', 'Musician'),
(49, 'erictaylor', 'erictaylor@gmail.com', 'Wichita, USA', 'User'),
(50, 'margaretbrown', 'margaretbrown@gmail.com', 'Cleveland, USA', 'DJ'),
(51, 'danielmartin', 'danielmartin@gmail.com', 'Tampa, USA', 'User'),
(52, 'elizabethjones', 'elizabethjones@gmail.com', 'Bakersfield, USA', 'Musician'),
(53, 'jerryrodriguez', 'jerryrodriguez@gmail.com', 'Aurora, USA', 'User'),
(54, 'kimberlywilson', 'kimberlywilson@gmail.com', 'Anaheim, USA', 'Musician'),
(55, 'brandonhill', 'brandonhill@gmail.com', 'Santa Ana, USA', 'User'),
(56, 'emmalopez', 'emmalopez@gmail.com', 'Riverside, USA', 'Musician'),
(57, 'christophertaylor', 'christophertaylor@gmail.com', 'Corpus Christi, USA', 'User'),
(58, 'michelleanderson', 'michelleanderson@gmail.com', 'Lexington, USA', 'Musician'),
(59, 'larrymartin', 'larrymartin@gmail.com', 'Henderson, USA', 'User'),
(60, 'deborahhernandez', 'deborahhernandez@gmail.com', 'Stockton, USA', 'Musician'),
(61, 'stephenwhite', 'stephenwhite@gmail.com', 'Saint Paul, USA', 'User'),
(62, 'wandarobinson', 'wandarobinson@gmail.com', 'Cincinnati, USA', 'Musician'),
(63, 'ryantaylor', 'ryantaylor@gmail.com', 'Greensboro, USA', 'User'),
(64, 'heatherclark', 'heatherclark@gmail.com', 'Anchorage, USA', 'Musician'),
(65, 'timothymartin', 'timothymartin@gmail.com', 'Plano, USA', 'User'),
(66, 'shirleywalker', 'shirleywalker@gmail.com', 'Lincoln, USA', 'Musician'),
(67, 'jeffreyrodriguez', 'jeffreyrodriguez@gmail.com', 'Orlando, USA', 'User'),
(68, 'doriscampbell', 'doriscampbell@gmail.com', 'Irvine, USA', 'Musician'),
(69, 'joshuaanderson', 'joshuaanderson@gmail.com', 'Toledo, USA', 'User'),
(70, 'anitarobinson', 'anitarobinson@gmail.com', 'Jersey City, USA', 'Musician'),
(71, 'kevinthompson', 'kevinthompson@gmail.com', 'Chula Vista, USA', 'User'),
(72, 'virginiamartin', 'virginiamartin@gmail.com', 'Fort Wayne, USA', 'Musician'),
(73, 'nicholaslopez', 'nicholaslopez@gmail.com', 'Buffalo, USA', 'User'),
(74, 'lauraallen', 'lauraallen@gmail.com', 'Durham, USA', 'Musician'),
(75, 'andrewwilson', 'andrewwilson@gmail.com', 'St. Petersburg, USA', 'User'),
(76, 'denisewhite', 'denisewhite@gmail.com', 'Irvine, USA', 'Musician'),
(77, 'jessicarichardson', 'jessicarichardson@gmail.com', 'Chandler, USA', 'User'),
(78, 'ronaldking', 'ronaldking@gmail.com', 'Madison, USA', 'Musician'),
(79, 'rachelhall', 'rachelhall@gmail.com', 'Lubbock, USA', 'User'),
(80, 'aaronlee', 'aaronlee@gmail.com', 'Gilbert, USA', 'Musician'),
(81, 'judyroberts', 'judyroberts@gmail.com', 'Winston-Salem, USA', 'User'),
(82, 'waltermartin', 'waltermartin@gmail.com', 'Glendale, USA', 'Musician'),
(83, 'debramartinez', 'debramartinez@gmail.com', 'Reno, USA', 'User'),
(84, 'henryclark', 'henryclark@gmail.com', 'Hialeah, USA', 'Musician'),
(85, 'alicewalker', 'alicewalker@gmail.com', 'Garland, USA', 'User'),
(86, 'arthurhernandez', 'arthurhernandez@gmail.com', 'Huntington Beach, USA', 'Musician'),
(87, 'joannemartin', 'joannemartin@gmail.com', 'Irving, USA', 'User'),
(88, 'garyrodriguez', 'garyrodriguez@gmail.com', 'Fremont, USA', 'Musician'),
(89, 'cheryltaylor', 'cheryltaylor@gmail.com', 'Richmond, USA', 'User'),
(90, 'brendajohnson', 'brendajohnson@gmail.com', 'Boise, USA', 'Musician'),
(91, 'lawrencehill', 'lawrencehill@gmail.com', 'Baton Rouge, USA', 'User'),
(92, 'christinethomas', 'christinethomas@gmail.com', 'Des Moines, USA', 'Musician'),
(93, 'gregorymoore', 'gregorymoore@gmail.com', 'Spokane, USA', 'User'),
(94, 'kathrynmartin', 'kathrynmartin@gmail.com', 'San Bernardino, USA', 'Musician'),
(95, 'douglasharris', 'douglasharris@gmail.com', 'Modesto, USA', 'User'),
(96, 'ruthjackson', 'ruthjackson@gmail.com', 'Tacoma, USA', 'Musician'),
(97, 'josephthompson', 'josephthompson@gmail.com', 'Fontana, USA', 'User'),
(98, 'amberlopez', 'amberlopez@gmail.com', 'Santa Clarita, USA', 'Musician'),
(99, 'jeremymartinez', 'jeremymartinez@gmail.com', 'Oxnard, USA', 'User'),
(100, 'emilylee', 'emilylee@gmail.com', 'Moreno Valley, USA', 'DJ');




INSERT INTO Album (Album_Id, User_ID, Album_cover_Artist, Album_Name, Album_view_count) VALUES
(1, 3, 'John Smith', 'Greatest Hits', 1000),
(2, 4, 'Sarah Johnson', 'Memories of Summer', 1500),
(3, 5, 'Michael Brown', 'Echoes of Silence', 1200),
(4, 6, 'Emily Davis', 'Whispers in the Wind', 800),
(5, 7, 'David Clark', 'Midnight Serenade', 2000),
(6, 8, 'Jessica Lee', 'Northern Lights', 3000),
(7, 9, 'Andrew White', 'Dreams Unfolding', 900),
(8, 10, 'Olivia Green', 'Golden Memories', 2500),
(9, 11, 'Matthew Taylor', 'Rhythm of the Rain', 1800),
(10, 12, 'Sophia Martinez', 'Enchanted Forest', 700),
(11, 13, 'Daniel Wilson', 'Melodies of Spring', 1200),
(12, 14, 'Emma Anderson', 'Whispering Pines', 500),
(13, 15, 'James Moore', 'Twilight Symphony', 300),
(14, 16, 'Lily Garcia', 'Songs of Solitude', 1000),
(15, 17, 'Benjamin Thompson', 'Sunset Reverie', 2200),
(16, 18, 'Chloe Harris', 'Harmony in Blue', 1900),
(17, 19, 'Lucas Martin', 'Echoes of Eternity', 800),
(18, 20, 'Ella Walker', 'Dancing in the Rain', 400),
(19, 21, 'Jackson King', 'Mystic Echo', 600),
(20, 22, 'Madison Wright', 'Whispered Dreams', 1500),
(21, 23, 'Gabriel Rodriguez', 'Starlit Serenade', 1700),
(22, 24, 'Ava Martinez', 'Silent Symphony', 1300),
(23, 25, 'Noah Scott', 'Emerald Shadows', 900),
(24, 26, 'Isabella Hall', 'Secret Garden', 1100),
(25, 27, 'Logan Young', 'Moonlit Melodies', 1400),
(26, 28, 'Mia Lewis', 'Enchanted Evening', 800),
(27, 29, 'Jacob Harris', 'Whispers of Love', 1000),
(28, 30, 'Sophie Wilson', 'Ocean Breeze', 1900),
(29, 31, 'William Brown', 'Starry Nights', 2200),
(30, 32, 'Zoe Rodriguez', 'Eternal Bliss', 3000),
(31, 3, 'Nathan Turner', 'Crystal Waters', 800),
(32, 4, 'Grace Martinez', 'Twilight Serenade', 400),
(33, 5, 'Ethan White', 'Serene Reflections', 600),
(34, 6, 'Avery Davis', 'Whispering Winds', 1500),
(35, 7, 'Hailey Clark', 'Cascade of Dreams', 1700),
(36, 8, 'Owen Taylor', 'Midnight Symphony', 1300),
(37, 9, 'Emma Parker', 'Tranquil Moments', 900),
(38, 10, 'Caleb King', 'Sapphire Skies', 1100),
(39, 11, 'Sophia Hill', 'Harmonic Echoes', 1400),
(40, 12, 'Liam Garcia', 'Echoes of Silence', 800),
(41, 13, 'Aria Moore', 'Moonlit Sonata', 1000),
(42, 14, 'Jack Thompson', 'Golden Sunsets', 1900),
(43, 15, 'Ella Walker', 'Whispers of Dawn', 2200),
(44, 16, 'Mason Martinez', 'Velvet Nightfall', 3000),
(45, 17, 'Hannah Young', 'Dream Weaver', 800),
(46, 18, 'Luke Scott', 'Twilight Dreams', 400),
(47, 19, 'Sofia Turner', 'Harmony of Stars', 600),
(48, 20, 'Max Wright', 'Celestial Lullaby', 1500),
(49, 21, 'Ava Hill', 'Enchanted Forest', 1700),
(50, 22, 'Benjamin Davis', 'Whispering Waters', 1300),
(51, 23, 'Emma Reed', 'Songs of Serenity', 900),
(52, 24, 'Ryan Parker', 'Serenade of Love', 1100),
(53, 25, 'Lily Phillips', 'Melodies of Moonlight', 1400),
(54, 26, 'Jacob Roberts', 'Ethereal Symphony', 800),
(55, 27, 'Grace Adams', 'Whispered Secrets', 1000),
(56, 28, 'Michael Turner', 'Starlit Reflections', 1900),
(57, 29, 'Sophie Garcia', 'Moonlit Sonata', 2200),
(58, 30, 'Noah Mitchell', 'Whispering Winds', 3000),
(59, 3, 'Olivia Scott', 'Silver Moonlight', 800),
(60, 4, 'Lucas Hill', 'Silent Echoes', 400),
(61, 5, 'Isabella Reed', 'Celestial Harmony', 600),
(62, 6, 'Ethan Young', 'Whispering Pines', 1500),
(63, 7, 'Chloe Parker', 'Melodies of Twilight', 1700),
(64, 8, 'Jackson Adams', 'Serenade of Stars', 1300),
(65, 9, 'Avery Roberts', 'Moonlit Memories', 900),
(66, 10, 'Mia Phillips', 'Echoes of Dawn', 1100),
(67, 11, 'Logan Foster', 'Enchanted Evening', 1400),
(68, 12, 'Emily Mitchell', 'Whispers of Love', 800),
(69, 13, 'Daniel Turner', 'Harmony in Blue', 1000),
(70, 14, 'Madison Walker', 'Dreams Unfolding', 1900),
(71, 15, 'William Hall', 'Golden Memories', 2200),
(72, 16, 'Sophia King', 'Rhythm of the Rain', 3000),
(73, 17, 'Elijah Wright', 'Enchanted Forest', 800),
(74, 18, 'Ava Harris', 'Melodies of Spring', 400),
(75, 19, 'Liam Martinez', 'Whispering Waters', 600),
(76, 20, 'Emma Turner', 'Starry Nights', 1500),
(77, 21, 'Olivia Walker', 'Silent Symphony', 1700),
(78, 22, 'Lucas Hill', 'Emerald Shadows', 1300),
(79, 23, 'Isabella Phillips', 'Secret Garden', 900),
(80, 24, 'Noah Adams', 'Moonlit Melodies', 1100),
(81, 25, 'Sophie Roberts', 'Enchanted Evening', 1400),
(82, 26, 'Jackson Foster', 'Whispers of Love', 800),
(83, 27, 'Chloe Mitchell', 'Ocean Breeze', 1000),
(84, 28, 'William Parker', 'Starry Nights', 1900),
(85, 29, 'Ella Hall', 'Eternal Bliss', 2200),
(86, 30, 'Benjamin King', 'Crystal Waters', 3000),
(87, 3, 'Grace Wright', 'Twilight Serenade', 800),
(88, 4, 'Jacob Harris', 'Serene Reflections', 400),
(89, 5, 'Avery Turner', 'Whispering Winds', 600),
(90, 6, 'Madison Walker', 'Cascade of Dreams', 1500),
(91, 7, 'Ethan Hall', 'Midnight Symphony', 1700),
(92, 8, 'Sophia Foster', 'Tranquil Moments', 1300),
(93, 9, 'Daniel Roberts', 'Sapphire Skies', 900),
(94, 10, 'Mia Phillips', 'Harmonic Echoes', 1100),
(95, 11, 'Liam Adams', 'Echoes of Silence', 1400),
(96, 12, 'Emma Turner', 'Moonlit Sonata', 800),
(97, 13, 'Olivia Harris', 'Golden Sunsets', 1000),
(98, 14, 'Lucas King', 'Whispers of Dawn', 1900),
(99, 15, 'Isabella Wright', 'Velvet Nightfall', 2200),
(100, 16, 'Noah Clark', 'Dream Weaver', 3000);




INSERT INTO Songs (Song_ID, Album_ID, User_id, Song_Name, BPM, Mood, Writer, Release_date, Duration, Featured_in, View_count, Music_notes, Title, Genre, Languages, Lyrics) VALUES
(1, 1, 2, 'Sunshine Dream', 120, 'Happy', 'Emily Johnson', '2023-01-01', '00:03:30', 'Movie 1', 5000, 'Catchy melody with uplifting lyrics.', 'Sunshine Dream', 'Pop', 'English', 'Feel the sun on my face, everythings alright.'),
(2, 1, 2, 'Tears of Yesterday', 130, 'Sad', 'Michael Brown', '2023-01-02', '00:04:00', 'Game 1', 3000, 'Powerful ballad about lost love.', 'Tears of Yesterday', 'Rock', 'English', 'In the darkness, tears of yesterday.'),
(3, 1, 2, 'Dancing in the Rain', 110, 'Energetic', 'Sophia Martinez', '2023-01-03', '00:03:45', 'Commercial 1', 3500, 'Upbeat track perfect for dancing.', 'Dancing in the Rain', 'Pop', 'English', 'Lets dance in the rain, forget all the pain.'),
(4, 2, 2, 'Whispering Winds', 100, 'Calm', 'Daniel Wilson', '2023-01-04', '00:04:20', 'Documentary 1', 2800, 'Soothing instrumental piece.', 'Whispering Winds', 'Classical', 'Instrumental', 'Gentle breeze, whispering winds.'),
(5, 2, 2, 'Midnight Serenade', 90, 'Romantic', 'Olivia Green', '2023-01-05', '00:03:15', 'Romance 1', 4200, 'Smooth jazz with a touch of nostalgia.', 'Midnight Serenade', 'Jazz', 'English', 'Under the stars, a midnight serenade.'),
(6, 2, 2, 'Echoes of Silence', 80, 'Reflective', 'Jacob Thompson', '2023-01-06', '00:05:00', 'Art Installation 1', 2000, 'Ambient soundscapes for contemplation.', 'Echoes of Silence', 'Ambient', 'Instrumental', 'Lost in echoes of silence.'),
(7, 3, 2, 'Dreams Unfolding', 115, 'Hopeful', 'Ava Martinez', '2023-01-07', '00:03:40', 'Commercial 2', 3800, 'Upbeat anthem of achieving dreams.', 'Dreams Unfolding', 'Pop', 'English', 'In the night, dreams unfolding.'),
(8, 3, 2, 'Golden Memories', 125, 'Nostalgic', 'Jack Parker', '2023-01-08', '00:04:10', 'Documentary 2', 3200, 'Evocative tune capturing cherished moments.', 'Golden Memories', 'Folk', 'English', 'Golden days, memories so sweet.'),
(9, 3, 2, 'Whispers in the Wind', 105, 'Mysterious', 'Isabella Wright', '2023-01-09', '00:03:25', 'Game 2', 4100, 'Enigmatic lyrics with haunting melody.', 'Whispers in the Wind', 'Alternative', 'English', 'Whispers in the wind, secrets untold.'),
(10, 4, 2, 'Enchanted Forest', 95, 'Magical', 'Lucas Adams', '2023-01-10', '00:03:55', 'Movie 2', 2900, 'Fantasy-themed track with enchanting vibes.', 'Enchanted Forest', 'Soundtrack', 'Instrumental', 'Through the woods, an enchanted forest.'),
(11, 4, 2, 'Rhythm of the Rain', 85, 'Relaxing', 'Sophie Harris', '2023-01-11', '00:04:30', 'Romance 2', 2500, 'Calming raindrop rhythms.', 'Rhythm of the Rain', 'Chillout', 'English', 'Feel the rhythm of the rain.'),
(12, 4, 2, 'Melodies of Spring', 120, 'Euphoric', 'Matthew King', '2023-01-12', '00:03:20', 'Fashion Show 1', 4800, 'Joyous melody celebrating spring.', 'Melodies of Spring', 'Electronic', 'Instrumental', 'Springtime melodies in the air.'),
(13, 5, 2, 'Moonlit Melodies', 110, 'Romantic', 'Chloe Turner', '2023-01-13', '00:03:35', 'Commercial 3', 3600, 'Smooth vocals under moonlit skies.', 'Moonlit Melodies', 'Pop', 'English', 'Moonlit melodies, love in the night.'),
(14, 5, 2, 'Harmony in Blue', 100, 'Soothing', 'William Davis', '2023-01-14', '00:04:15', 'Documentary 3', 3100, 'Tranquil composition in shades of blue.', 'Harmony in Blue', 'Classical', 'Instrumental', 'Harmony in shades of blue.'),
(15, 5, 2, 'Starry Nights', 95, 'Dreamy', 'Emma Robinson', '2023-01-15', '00:03:50', 'Game 3', 3300, 'Dreamy track inspired by celestial beauty.', 'Starry Nights', 'Indie', 'English', 'Under starry nights, we dream.'),
(16, 6, 2, 'Ocean Breeze', 130, 'Refreshing', 'James Mitchell', '2023-01-16', '00:04:05', 'Commercial 4', 2700, 'Upbeat melody with beach vibes.', 'Ocean Breeze', 'Pop', 'English', 'Feel the ocean breeze, alive and free.'),
(17, 6, 2, 'Silent Symphony', 115, 'Serene', 'Aria Foster', '2023-01-17', '00:03:25', 'Movie 3', 3900, 'Gentle orchestral piece invoking tranquility.', 'Silent Symphony', 'Orchestral', 'Instrumental', 'Silent symphony, peace within.'),
(18, 6, 2, 'Eternal Bliss', 105, 'Blissful', 'Jackson Adams', '2023-01-18', '00:04:20', 'Fashion Show 2', 3000, 'Melodic bliss transcending time.', 'Eternal Bliss', 'Electronic', 'English', 'In eternal bliss, we find our peace.'),
(19, 7, 2, 'Twilight Serenade', 125, 'Romantic', 'Sophia Turner', '2023-01-19', '00:03:40', 'Romance 3', 3500, 'Passionate serenade under twilight skies.', 'Twilight Serenade', 'Jazz', 'English', 'In twilights embrace, serenade me.'),
(20, 7, 2, 'Golden Sunsets', 95, 'Reflective', 'Oliver White', '2023-01-20', '00:03:55', 'Commercial 5', 3200, 'Warm acoustic vibes with nostalgic undertones.', 'Golden Sunsets', 'Folk', 'English', 'Golden sunsets, memories fade.'),
(21, 8, 2, 'Whispers of Dawn', 110, 'Hopeful', 'Emma Phillips', '2023-01-21', '00:04:10', 'Documentary 4', 2900, 'Inspiring melody heralding a new day.', 'Whispers of Dawn', 'Ambient', 'Instrumental', 'Whispers of dawn, a new beginning.'),
(22, 8, 2, 'Velvet Nightfall', 120, 'Mysterious', 'Noah Mitchell', '2023-01-22', '00:03:30', 'Game 4', 4000, 'Dark and haunting lyrics with a velvet touch.', 'Velvet Nightfall', 'Alternative', 'English', 'In velvet nightfall, shadows dance.'),
(23, 8, 2, 'Dream Weaver', 100, 'Magical', 'Sophie King', '2023-01-23', '00:04:00', 'Movie 4', 3100, 'Enchanting tune weaving dreams.', 'Dream Weaver', 'Soundtrack', 'English', 'Dream weaver, weave a dream for me.'),
(24, 9, 2, 'Sapphire Skies', 115, 'Uplifting', 'Ethan Hill', '2023-01-24', '00:03:45', 'Commercial 6', 3800, 'Energetic track with soaring melodies.', 'Sapphire Skies', 'Pop', 'English', 'Under sapphire skies, we fly high.'),
(25, 9, 2, 'Harmonic Echoes', 105, 'Euphoric', 'Ava Roberts', '2023-01-25', '00:04:20', 'Fashion Show 3', 2700, 'Harmonious blend echoing through the soul.', 'Harmonic Echoes', 'Electronic', 'English', 'Echoes of harmony, in every beat.'),
(26, 9, 2, 'Echoes of Silence', 95, 'Reflective', 'Mason Walker', '2023-01-26', '00:03:15', 'Art Installation 2', 4300, 'Contemplative ambiance of serene echoes.', 'Echoes of Silence', 'Ambient', 'Instrumental', 'Lost in echoes of silence.'),
(27, 10, 2, 'Moonlit Sonata', 125, 'Romantic', 'Hannah Scott', '2023-01-27', '00:03:55', 'Romance 4', 3300, 'Passionate piano sonata under moonlit skies.', 'Moonlit Sonata', 'Classical', 'English', 'In moonlit serenity, love blooms.'),
(28, 10, 2, 'Whispering Waters', 85, 'Tranquil', 'Lucas Mitchell', '2023-01-28', '00:04:30', 'Documentary 5', 2500, 'Flowing waters whispering peace.', 'Whispering Waters', 'New Age', 'Instrumental', 'Whispering waters, serenity flows.'),
(29, 10, 2, 'Cascade of Dreams', 95, 'Dreamy', 'Isabella Turner', '2023-01-29', '00:03:20', 'Game 5', 3700, 'Gentle melody cascading like dreams.', 'Cascade of Dreams', 'Indie', 'English', 'In cascades of dreams, were free.'),
(30, 11, 2, 'Midnight Symphony', 120, 'Epic', 'Jacob Davis', '2023-01-30', '00:04:05', 'Commercial 7', 2800, 'Orchestral masterpiece under moonlit skies.', 'Midnight Symphony', 'Orchestral', 'Instrumental', 'In the midnight symphony, tales unfold.'),
(31, 11, 2, 'Tranquil Moments', 110, 'Serene', 'Sophia Adams', '2023-01-31', '00:03:25', 'Movie 5', 4000, 'Peaceful melody capturing tranquil moments.', 'Tranquil Moments', 'Chillout', 'English', 'In tranquil moments, find peace.'),
(32, 11, 2, 'Sapphire Skies', 100, 'Reflective', 'Elijah Roberts', '2023-02-01', '00:04:00', 'Fashion Show 4', 3100, 'Reflective tune under the vast sapphire skies.', 'Sapphire Skies', 'Electronic', 'English', 'Under sapphire skies, reflections bloom.'),
(33, 12, 2, 'Harmonic Echoes', 115, 'Euphoric', 'Olivia Adams', '2023-02-02', '00:03:40', 'Commercial 8', 3600, 'Energetic track resonating harmonic echoes.', 'Harmonic Echoes', 'Pop', 'English', 'Echoes of harmony, in every beat.'),
(34, 12, 2, 'Echoes of Silence', 105, 'Reflective', 'Lucas Turner', '2023-02-03', '00:04:20', 'Art Installation 3', 3000, 'Contemplative ambiance of serene echoes.', 'Echoes of Silence', 'Ambient', 'Instrumental', 'Lost in echoes of silence.'),
(35, 12, 2, 'Moonlit Serenade', 95, 'Romantic', 'Isabella Mitchell', '2023-02-04', '00:03:55', 'Romance 5', 3200, 'Passionate serenade under moonlit skies.', 'Moonlit Serenade', 'Jazz', 'English', 'In moonlit serenity, love blooms.'),
(36, 13, 2, 'Whispering Winds', 110, 'Tranquil', 'Jackson Hill', '2023-02-05', '00:04:10', 'Documentary 6', 2900, 'Flowing breeze whispering peace.', 'Whispering Winds', 'New Age', 'Instrumental', 'Whispering winds, serenity flows.'),
(37, 13, 2, 'Cascade of Dreams', 120, 'Dreamy', 'Sophie Roberts', '2023-02-06', '00:03:30', 'Game 6', 3800, 'Gentle melody cascading like dreams.', 'Cascade of Dreams', 'Indie', 'English', 'In cascades of dreams, were free.'),
(38, 13, 2, 'Echoes of Eternity', 100, 'Epic', 'Ethan Adams', '2023-02-07', '00:03:45', 'Movie 6', 3500, 'Orchestral masterpiece echoing through eternity.', 'Echoes of Eternity', 'Orchestral', 'Instrumental', 'In echoes of eternity, tales unfold.'),
(39, 14, 2, 'Starry Nights', 115, 'Dreamy', 'Avery Turner', '2023-02-08', '00:04:20', 'Commercial 9', 3000, 'Dreamy melody inspired by celestial beauty.', 'Starry Nights', 'Pop', 'English', 'Under starry nights, we dream.'),
(40, 14, 2, 'Golden Memories', 105, 'Nostalgic', 'Mia Hill', '2023-02-09', '00:03:25', 'Fashion Show 5', 4100, 'Evocative tune capturing cherished moments.', 'Golden Memories', 'Folk', 'English', 'Golden days, memories so sweet.'),
(41, 15, 2, 'Whispers in the Wind', 95, 'Mysterious', 'Liam Adams', '2023-02-10', '00:03:55', 'Documentary 7', 3300, 'Enigmatic lyrics with haunting melody.', 'Whispers in the Wind', 'Alternative', 'English', 'Whispers in the wind, secrets untold.'),
(42, 15, 2, 'Enchanted Evening', 130, 'Magical', 'Emma Turner', '2023-02-11', '00:04:30', 'Movie 7', 2700, 'Enchanting melody under an enchanted evening.', 'Enchanted Evening', 'Soundtrack', 'English', 'In enchanted evenings, magic lingers.'),
(43, 15, 2, 'Silent Symphony', 120, 'Serene', 'Noah Phillips', '2023-02-12', '00:03:20', 'Game 7', 3700, 'Gentle orchestral piece invoking tranquility.', 'Silent Symphony', 'Orchestral', 'Instrumental', 'Silent symphony, peace within.'),
(44, 16, 2, 'Eternal Bliss', 110, 'Blissful', 'Sophia Roberts', '2023-02-13', '00:04:05', 'Commercial 10', 2800, 'Melodic bliss transcending time.', 'Eternal Bliss', 'Electronic', 'English', 'In eternal bliss, we find our peace.'),
(45, 16, 2, 'Twilight Serenade', 125, 'Romantic', 'Jacob Turner', '2023-02-14', '00:03:25', 'Romance 6', 4000, 'Passionate serenade under twilight skies.', 'Twilight Serenade', 'Jazz', 'English', 'In twilights embrace, serenade me.'),
(46, 16, 2, 'Golden Sunsets', 90, 'Reflective', 'Emily Hill', '2023-02-15', '00:03:50', 'Commercial 11', 3200, 'Warm acoustic vibes with nostalgic undertones.', 'Golden Sunsets', 'Folk', 'English', 'Golden sunsets, memories fade.'),
(47, 17, 2, 'Whispers of Dawn', 105, 'Hopeful', 'Lucas Roberts', '2023-02-16', '00:04:10', 'Documentary 8', 3000, 'Inspiring melody heralding a new day.', 'Whispers of Dawn', 'Ambient', 'Instrumental', 'Whispers of dawn, a new beginning.'),
(48, 17, 2, 'Velvet Nightfall', 115, 'Mysterious', 'Isabella Turner', '2023-02-17', '00:03:30', 'Game 8', 3900, 'Dark and haunting lyrics with a velvet touch.', 'Velvet Nightfall', 'Alternative', 'English', 'In velvet nightfall, shadows dance.'),
(49, 17, 2, 'Dream Weaver', 100, 'Magical', 'Sophie King', '2023-02-18', '00:04:00', 'Movie 8', 3100, 'Enchanting tune weaving dreams.', 'Dream Weaver', 'Soundtrack', 'English', 'Dream weaver, weave a dream for me.'),
(50, 18, 2, 'Sapphire Skies', 115, 'Uplifting', 'Ethan Hill', '2023-02-19', '00:03:45', 'Commercial 12', 3800, 'Energetic track with soaring melodies.', 'Sapphire Skies', 'Pop', 'English', 'Under sapphire skies, we fly high.'),
(51, 18, 2, 'Harmonic Echoes', 105, 'Euphoric', 'Ava Roberts', '2023-02-20', '00:04:20', 'Fashion Show 6', 2700, 'Harmonious blend echoing through the soul.', 'Harmonic Echoes', 'Electronic', 'English', 'Echoes of harmony, in every beat.'),
(52, 18, 2, 'Echoes of Silence', 95, 'Reflective', 'Mason Walker', '2023-02-21', '00:03:15', 'Art Installation 4', 4300, 'Contemplative ambiance of serene echoes.', 'Echoes of Silence', 'Ambient', 'Instrumental', 'Lost in echoes of silence.'),
(53, 19, 2, 'Moonlit Sonata', 125, 'Romantic', 'Hannah Scott', '2023-02-22', '00:03:55', 'Romance 7', 3300, 'Passionate piano sonata under moonlit skies.', 'Moonlit Sonata', 'Classical', 'English', 'In moonlit serenity, love blooms.'),
(54, 19, 2, 'Whispering Waters', 85, 'Tranquil', 'Lucas Mitchell', '2023-02-23', '00:04:30', 'Documentary 9', 2500, 'Flowing waters whispering peace.', 'Whispering Waters', 'New Age', 'Instrumental', 'Whispering waters, serenity flows.'),
(55, 19, 2, 'Cascade of Dreams', 95, 'Dreamy', 'Isabella Turner', '2023-02-24', '00:03:20', 'Game 9', 3700, 'Gentle melody cascading like dreams.', 'Cascade of Dreams', 'Indie', 'English', 'In cascades of dreams, were free.'),
(56, 20, 2, 'Midnight Symphony', 120, 'Epic', 'Jacob Davis', '2023-02-25', '00:04:05', 'Commercial 13', 2800, 'Orchestral masterpiece under moonlit skies.', 'Midnight Symphony', 'Orchestral', 'Instrumental', 'In the midnight symphony, tales unfold.'),
(57, 20, 2, 'Tranquil Moments', 110, 'Serene', 'Sophia Adams', '2023-02-26', '00:03:25', 'Movie 10', 4000, 'Peaceful melody capturing tranquil moments.', 'Tranquil Moments', 'Chillout', 'English', 'In tranquil moments, find peace.'),
(58, 20, 2, 'Sapphire Skies', 100, 'Reflective', 'Elijah Roberts', '2023-02-27', '00:04:00', 'Fashion Show 7', 3100, 'Reflective tune under the vast sapphire skies.', 'Sapphire Skies', 'Electronic', 'English', 'Under sapphire skies, reflections bloom.'),
(59, 21, 2, 'Harmonic Echoes', 115, 'Euphoric', 'Olivia Adams', '2023-02-28', '00:03:40', 'Commercial 14', 3600, 'Energetic track resonating harmonic echoes.', 'Harmonic Echoes', 'Pop', 'English', 'Echoes of harmony, in every beat.'),
(60, 21, 2, 'Echoes of Silence', 105, 'Reflective', 'Lucas Turner', '2023-03-01', '00:04:20', 'Art Installation 5', 3000, 'Contemplative ambiance of serene echoes.', 'Echoes of Silence', 'Ambient', 'Instrumental', 'Lost in echoes of silence.'),
(61, 21, 2, 'Moonlit Serenade', 95, 'Romantic', 'Isabella Mitchell', '2023-03-02', '00:03:55', 'Romance 8', 3200, 'Passionate serenade under moonlit skies.', 'Moonlit Serenade', 'Jazz', 'English', 'In moonlit serenity, love blooms.'),
(62, 22, 2, 'Whispering Winds', 110, 'Tranquil', 'Jackson Hill', '2023-03-03', '00:04:10', 'Documentary 10', 2900, 'Flowing breeze whispering peace.', 'Whispering Winds', 'New Age', 'Instrumental', 'Whispering winds, serenity flows.'),
(63, 22, 2, 'Cascade of Dreams', 120, 'Dreamy', 'Sophie Roberts', '2023-03-04', '00:03:30', 'Game 10', 3800, 'Gentle melody cascading like dreams.', 'Cascade of Dreams', 'Indie', 'English', 'In cascades of dreams, were free.'),
(64, 22, 2, 'Echoes of Eternity', 100, 'Epic', 'Ethan Adams', '2023-03-05', '00:03:45', 'Movie 11', 3500, 'Orchestral masterpiece echoing through eternity.', 'Echoes of Eternity', 'Orchestral', 'Instrumental', 'In echoes of eternity, tales unfold.'),
(65, 23, 2, 'Starry Nights', 115, 'Dreamy', 'Avery Turner', '2023-03-06', '00:04:20', 'Commercial 15', 3000, 'Dreamy melody inspired by celestial beauty.', 'Starry Nights', 'Pop', 'English', 'Under starry nights, we dream.'),
(66, 23, 2, 'Golden Memories', 105, 'Nostalgic', 'Mia Hill', '2023-03-07', '00:03:25', 'Fashion Show 6', 4100, 'Evocative tune capturing cherished moments.', 'Golden Memories', 'Folk', 'English', 'Golden days, memories so sweet.'),
(67, 23, 2, 'Whispers in the Wind', 95, 'Mysterious', 'Liam Adams', '2023-03-08', '00:03:55', 'Documentary 12', 3300, 'Enigmatic lyrics with haunting melody.', 'Whispers in the Wind', 'Alternative', 'English', 'Whispers in the wind, secrets untold.'),
(68, 24, 2, 'Enchanted Evening', 130, 'Magical', 'Emma Turner', '2023-03-09', '00:04:30', 'Movie 12', 2700, 'Enchanting melody under an enchanted evening.', 'Enchanted Evening', 'Soundtrack', 'English', 'In enchanted evenings, magic lingers.'),
(69, 24, 2, 'Silent Symphony', 120, 'Serene', 'Noah Phillips', '2023-03-10', '00:03:20', 'Game 12', 3700, 'Gentle orchestral piece invoking tranquility.', 'Silent Symphony', 'Orchestral', 'Instrumental', 'Silent symphony, peace within.'),
(70, 24, 2, 'Eternal Bliss', 110, 'Blissful', 'Sophia Roberts', '2023-03-11', '00:04:05', 'Commercial 16', 2800, 'Melodic bliss transcending time.', 'Eternal Bliss', 'Electronic', 'English', 'In eternal bliss, we find our peace.'),
(71, 25, 2, 'Twilight Serenade', 125, 'Romantic', 'Jacob Turner', '2023-03-12', '00:03:25', 'Romance 9', 4000, 'Passionate serenade under twilight skies.', 'Twilight Serenade', 'Jazz', 'English', 'In twilights embrace, serenade me.'),
(72, 25, 2, 'Golden Sunsets', 90, 'Reflective', 'Emily Hill', '2023-03-13', '00:03:50', 'Commercial 17', 3200, 'Warm acoustic vibes with nostalgic undertones.', 'Golden Sunsets', 'Folk', 'English', 'Golden sunsets, memories fade.'),
(73, 25, 2, 'Whispers of Dawn', 105, 'Hopeful', 'Lucas Roberts', '2023-03-14', '00:04:10', 'Documentary 13', 3000, 'Inspiring melody heralding a new day.', 'Whispers of Dawn', 'Ambient', 'Instrumental', 'Whispers of dawn, a new beginning.'),
(74, 26, 2, 'Velvet Nightfall', 115, 'Mysterious', 'Isabella Turner', '2023-03-15', '00:03:30', 'Game 13', 3900, 'Dark and haunting lyrics with a velvet touch.', 'Velvet Nightfall', 'Alternative', 'English', 'In velvet nightfall, shadows dance.'),
(75, 26, 2, 'Dream Weaver', 100, 'Magical', 'Sophie King', '2023-03-16', '00:04:00', 'Movie 13', 3100, 'Enchanting tune weaving dreams.', 'Dream Weaver', 'Soundtrack', 'English', 'Dream weaver, weave a dream for me.'),
(76, 27, 2, 'Sapphire Skies', 115, 'Uplifting', 'Ethan Hill', '2023-03-17', '00:03:45', 'Commercial 18', 3800, 'Energetic track with soaring melodies.', 'Sapphire Skies', 'Pop', 'English', 'Under sapphire skies, we fly high.'),
(77, 27, 2, 'Harmonic Echoes', 105, 'Euphoric', 'Ava Roberts', '2023-03-18', '00:04:20', 'Fashion Show 7', 2700, 'Harmonious blend echoing through the soul.', 'Harmonic Echoes', 'Electronic', 'English', 'Echoes of harmony, in every beat.'),
(78, 27, 2, 'Echoes of Silence', 95, 'Reflective', 'Mason Walker', '2023-03-19', '00:03:15', 'Art Installation 6', 4300, 'Contemplative ambiance of serene echoes.', 'Echoes of Silence', 'Ambient', 'Instrumental', 'Lost in echoes of silence.'),
(79, 28, 2, 'Moonlit Sonata', 125, 'Romantic', 'Hannah Scott', '2023-03-20', '00:03:55', 'Romance 10', 3300, 'Passionate piano sonata under moonlit skies.', 'Moonlit Sonata', 'Classical', 'English', 'In moonlit serenity, love blooms.'),
(80, 28, 2, 'Whispering Waters', 85, 'Tranquil', 'Lucas Mitchell', '2023-03-21', '00:04:30', 'Documentary 14', 2500, 'Flowing waters whispering peace.', 'Whispering Waters', 'New Age', 'Instrumental', 'Whispering waters, serenity flows.'),
(81, 28, 2, 'Cascade of Dreams', 95, 'Dreamy', 'Isabella Turner', '2023-03-22', '00:03:20', 'Game 14', 3700, 'Gentle melody cascading like dreams.', 'Cascade of Dreams', 'Indie', 'English', 'In cascades of dreams, were free.'),
(82, 29, 2, 'Midnight Symphony', 120, 'Epic', 'Jacob Davis', '2023-03-23', '00:04:05', 'Commercial 19', 2800, 'Orchestral masterpiece under moonlit skies.', 'Midnight Symphony', 'Orchestral', 'Instrumental', 'In the midnight symphony, tales unfold.'),
(83, 29, 2, 'Tranquil Moments', 110, 'Serene', 'Sophia Adams', '2023-03-24', '00:03:25', 'Movie 14', 4000, 'Peaceful melody capturing tranquil moments.', 'Tranquil Moments', 'Chillout', 'English', 'In tranquil moments, find peace.'),
(84, 29, 2, 'Sapphire Skies', 100, 'Reflective', 'Elijah Roberts', '2023-03-25', '00:04:00', 'Fashion Show 8', 3100, 'Reflective tune under the vast sapphire skies.', 'Sapphire Skies', 'Electronic', 'English', 'Under sapphire skies, reflections bloom.'),
(85, 30, 2, 'Harmonic Echoes', 115, 'Euphoric', 'Olivia Adams', '2023-03-26', '00:03:40', 'Commercial 20', 3600, 'Energetic track resonating harmonic echoes.', 'Harmonic Echoes', 'Pop', 'English', 'Echoes of harmony, in every beat.'),
(86, 30, 2, 'Echoes of Silence', 105, 'Reflective', 'Lucas Turner', '2023-03-27', '00:04:20', 'Art Installation 7', 3000, 'Contemplative ambiance of serene echoes.', 'Echoes of Silence', 'Ambient', 'Instrumental', 'Lost in echoes of silence.'),
(87, 30, 2, 'Moonlit Serenade', 95, 'Romantic', 'Isabella Mitchell', '2023-03-28', '00:03:55', 'Romance 11', 3200, 'Passionate serenade under moonlit skies.', 'Moonlit Serenade', 'Jazz', 'English', 'In moonlit serenity, love blooms.'),
(88, 31, 2, 'Whispering Winds', 110, 'Tranquil', 'Jackson Hill', '2023-03-29', '00:04:10', 'Documentary 15', 2900, 'Flowing breeze whispering peace.', 'Whispering Winds', 'New Age', 'Instrumental', 'Whispering winds, serenity flows.'),
(89, 31, 2, 'Cascade of Dreams', 120, 'Dreamy', 'Sophie Roberts', '2023-03-30', '00:03:30', 'Game 15', 3800, 'Gentle melody cascading like dreams.', 'Cascade of Dreams', 'Indie', 'English', 'In cascades of dreams, were free.'),
(90, 31, 2, 'Echoes of Eternity', 100, 'Epic', 'Ethan Adams', '2023-03-31', '00:03:45', 'Movie 15', 3500, 'Orchestral masterpiece echoing through eternity.', 'Echoes of Eternity', 'Orchestral', 'Instrumental', 'In echoes of eternity, tales unfold.'),
(91, 32, 2, 'Starry Nights', 115, 'Dreamy', 'Avery Turner', '2023-04-01', '00:04:20', 'Commercial 16', 3000, 'Dreamy melody inspired by celestial beauty.', 'Starry Nights', 'Pop', 'English', 'Under starry nights, we dream.'),
(92, 32, 2, 'Golden Memories', 105, 'Nostalgic', 'Mia Hill', '2023-04-02', '00:03:25', 'Fashion Show 7', 4100, 'Evocative tune capturing cherished moments.', 'Golden Memories', 'Folk', 'English', 'Golden days, memories so sweet.'),
(93, 32, 2, 'Whispers in the Wind', 95, 'Mysterious', 'Liam Adams', '2023-04-03', '00:03:55', 'Documentary 16', 3300, 'Enigmatic lyrics with haunting melody.', 'Whispers in the Wind', 'Alternative', 'English', 'Whispers in the wind, secrets untold.'),
(94, 33, 2, 'Enchanted Evening', 130, 'Magical', 'Emma Turner', '2023-04-04', '00:04:30', 'Movie 16', 2700, 'Enchanting melody under an enchanted evening.', 'Enchanted Evening', 'Soundtrack', 'English', 'In enchanted evenings, magic lingers.'),
(95, 33, 2, 'Silent Symphony', 120, 'Serene', 'Noah Phillips', '2023-04-05', '00:03:20', 'Game 16', 3700, 'Gentle orchestral piece invoking tranquility.', 'Silent Symphony', 'Orchestral', 'Instrumental', 'Silent symphony, peace within.'),
(96, 33, 2, 'Eternal Bliss', 110, 'Blissful', 'Sophia Roberts', '2023-04-06', '00:04:05', 'Commercial 17', 2800, 'Melodic bliss transcending time.', 'Eternal Bliss', 'Electronic', 'English', 'In eternal bliss, we find our peace.'),
(97, 34, 2, 'Twilight Serenade', 125, 'Romantic', 'Jacob Turner', '2023-04-07', '00:03:25', 'Romance 12', 4000, 'Passionate serenade under twilight skies.', 'Twilight Serenade', 'Jazz', 'English', 'In twilights embrace, serenade me.'),
(98, 34, 2, 'Golden Sunsets', 90, 'Reflective', 'Emily Hill', '2023-04-08', '00:03:50', 'Commercial 18', 3200, 'Warm acoustic vibes with nostalgic undertones.', 'Golden Sunsets', 'Folk', 'English', 'Golden sunsets, memories fade.'),
(99, 34, 2, 'Whispers of Dawn', 105, 'Hopeful', 'Lucas Roberts', '2023-04-09', '00:04:10', 'Documentary 17', 3000, 'Inspiring melody heralding a new day.', 'Whispers of Dawn', 'Ambient', 'Instrumental', 'Whispers of dawn, a new beginning.'),
(100, 35, 2, 'Velvet Nightfall', 115, 'Mysterious', 'Isabella Turner', '2023-04-10', '00:03:30', 'Game 17', 3900, 'Dark and haunting lyrics with a velvet touch.', 'Velvet Nightfall', 'Alternative', 'English', 'In velvet nightfall, shadows dance.');



INSERT INTO Listen (User_ID, Song_ID, Timestamp) VALUES
(1, 1, '2024-07-05 12:00:00'),
(1, 2, '2024-07-05 12:05:00'),
(3, 3, '2024-07-05 12:15:00'),
(4, 4, '2024-07-05 12:20:00'),
(5, 5, '2024-07-05 12:25:00'),
(6, 6, '2024-07-05 12:30:00'),
(7, 7, '2024-07-05 12:35:00'),
(8, 8, '2024-07-05 12:40:00'),
(9, 9, '2024-07-05 12:45:00'),
(10, 10, '2024-07-05 12:50:00'),
(11, 11, '2024-07-05 12:55:00'),
(12, 12, '2024-07-05 13:00:00'),
(13, 13, '2024-07-05 13:05:00'),
(14, 14, '2024-07-05 13:10:00'),
(15, 15, '2024-07-05 13:15:00'),
(16, 16, '2024-07-05 13:20:00'),
(17, 17, '2024-07-05 13:25:00'),
(18, 18, '2024-07-05 13:30:00'),
(19, 19, '2024-07-05 13:35:00'),
(20, 20, '2024-07-05 13:40:00'),
(21, 21, '2024-07-05 13:45:00'),
(22, 22, '2024-07-05 13:50:00'),
(23, 23, '2024-07-05 13:55:00'),
(24, 24, '2024-07-05 14:00:00'),
(25, 25, '2024-07-05 14:05:00'),
(26, 26, '2024-07-05 14:10:00'),
(27, 27, '2024-07-05 14:15:00'),
(28, 28, '2024-07-05 14:20:00'),
(29, 29, '2024-07-05 14:25:00'),
(30, 30, '2024-07-05 14:30:00'),
(31, 31, '2024-07-05 14:35:00'),
(32, 32, '2024-07-05 14:40:00'),
(33, 33, '2024-07-05 14:45:00'),
(34, 34, '2024-07-05 14:50:00'),
(35, 35, '2024-07-05 14:55:00'),
(36, 36, '2024-07-05 15:00:00'),
(37, 37, '2024-07-05 15:05:00'),
(38, 38, '2024-07-05 15:10:00'),
(39, 39, '2024-07-05 15:15:00'),
(40, 40, '2024-07-05 15:20:00'),
(41, 41, '2024-07-05 15:25:00'),
(42, 42, '2024-07-05 15:30:00'),
(43, 43, '2024-07-05 15:35:00'),
(44, 44, '2024-07-05 15:40:00'),
(45, 45, '2024-07-05 15:45:00'),
(46, 46, '2024-07-05 15:50:00'),
(47, 47, '2024-07-05 15:55:00'),
(48, 48, '2024-07-05 16:00:00'),
(49, 49, '2024-07-05 16:05:00'),
(50, 50, '2024-07-05 16:10:00'),
(51, 51, '2024-07-05 16:15:00'),
(52, 52, '2024-07-05 16:20:00'),
(53, 53, '2024-07-05 16:25:00'),
(54, 54, '2024-07-05 16:30:00'),
(55, 55, '2024-07-05 16:35:00'),
(56, 56, '2024-07-05 16:40:00'),
(57, 57, '2024-07-05 16:45:00'),
(58, 58, '2024-07-05 16:50:00'),
(59, 59, '2024-07-05 16:55:00'),
(60, 60, '2024-07-05 17:00:00'),
(61, 61, '2024-07-05 17:05:00'),
(62, 62, '2024-07-05 17:10:00'),
(63, 63, '2024-07-05 17:15:00'),
(64, 64, '2024-07-05 17:20:00'),
(65, 65, '2024-07-05 17:25:00'),
(66, 66, '2024-07-05 17:30:00'),
(67, 67, '2024-07-05 17:35:00'),
(68, 68, '2024-07-05 17:40:00'),
(69, 69, '2024-07-05 17:45:00'),
(70, 70, '2024-07-05 17:50:00'),
(71, 71, '2024-07-05 17:55:00'),
(72, 72, '2024-07-05 18:00:00'),
(73, 73, '2024-07-05 18:05:00'),
(74, 74, '2024-07-05 18:10:00'),
(75, 75, '2024-07-05 18:15:00'),
(76, 76, '2024-07-05 18:20:00'),
(77, 77, '2024-07-05 18:25:00'),
(78, 78, '2024-07-05 18:30:00'),
(79, 79, '2024-07-05 18:35:00'),
(80, 80, '2024-07-05 18:40:00'),
(81, 81, '2024-07-05 18:45:00'),
(82, 82, '2024-07-05 18:50:00'),
(83, 83, '2024-07-05 18:55:00'),
(84, 84, '2024-07-05 19:00:00'),
(85, 85, '2024-07-05 19:05:00'),
(86, 86, '2024-07-05 19:10:00'),
(87, 87, '2024-07-05 19:15:00'),
(88, 88, '2024-07-05 19:20:00'),
(89, 89, '2024-07-05 19:25:00'),
(90, 90, '2024-07-05 19:30:00'),
(91, 91, '2024-07-05 19:35:00'),
(92, 92, '2024-07-05 19:40:00'),
(93, 93, '2024-07-05 19:45:00'),
(94, 94, '2024-07-05 19:50:00'),
(95, 95, '2024-07-05 19:55:00'),
(96, 96, '2024-07-05 20:00:00'),
(97, 97, '2024-07-05 20:05:00'),
(98, 98, '2024-07-05 20:10:00'),
(99, 99, '2024-07-05 20:15:00'),
(100, 100, '2024-07-05 20:20:00');




INSERT INTO Downloads (User_ID, Song_ID, Timestamp) VALUES
(1, 1, '2024-07-05 12:00:00'),
(2, 2, '2024-07-05 12:05:00'),
(3, 3, '2024-07-05 12:10:00'),
(4, 4, '2024-07-05 12:15:00'),
(5, 5, '2024-07-05 12:20:00'),
(6, 6, '2024-07-05 12:25:00'),
(7, 7, '2024-07-05 12:30:00'),
(8, 8, '2024-07-05 12:35:00'),
(9, 9, '2024-07-05 12:40:00'),
(10, 10, '2024-07-05 12:45:00'),
(11, 11, '2024-07-05 12:50:00'),
(12, 12, '2024-07-05 12:55:00'),
(13, 13, '2024-07-05 13:00:00'),
(14, 14, '2024-07-05 13:05:00'),
(15, 15, '2024-07-05 13:10:00'),
(16, 16, '2024-07-05 13:15:00'),
(17, 17, '2024-07-05 13:20:00'),
(18, 18, '2024-07-05 13:25:00'),
(19, 19, '2024-07-05 13:30:00'),
(20, 20, '2024-07-05 13:35:00'),
(21, 21, '2024-07-05 13:40:00'),
(22, 22, '2024-07-05 13:45:00'),
(23, 23, '2024-07-05 13:50:00'),
(24, 24, '2024-07-05 13:55:00'),
(25, 25, '2024-07-05 14:00:00'),
(26, 26, '2024-07-05 14:05:00'),
(27, 27, '2024-07-05 14:10:00'),
(28, 28, '2024-07-05 14:15:00'),
(29, 29, '2024-07-05 14:20:00'),
(30, 30, '2024-07-05 14:25:00'),
(31, 31, '2024-07-05 14:30:00'),
(32, 32, '2024-07-05 14:35:00'),
(33, 33, '2024-07-05 14:40:00'),
(34, 34, '2024-07-05 14:45:00'),
(35, 35, '2024-07-05 14:50:00'),
(36, 36, '2024-07-05 14:55:00'),
(37, 37, '2024-07-05 15:00:00'),
(38, 38, '2024-07-05 15:05:00'),
(39, 39, '2024-07-05 15:10:00'),
(40, 40, '2024-07-05 15:15:00'),
(41, 41, '2024-07-05 15:20:00'),
(42, 42, '2024-07-05 15:25:00'),
(43, 43, '2024-07-05 15:30:00'),
(44, 44, '2024-07-05 15:35:00'),
(45, 45, '2024-07-05 15:40:00'),
(46, 46, '2024-07-05 15:45:00'),
(47, 47, '2024-07-05 15:50:00'),
(48, 48, '2024-07-05 15:55:00'),
(49, 49, '2024-07-05 16:00:00'),
(50, 50, '2024-07-05 16:05:00'),
(51, 51, '2024-07-05 16:10:00'),
(52, 52, '2024-07-05 16:15:00'),
(53, 53, '2024-07-05 16:20:00'),
(54, 54, '2024-07-05 16:25:00'),
(55, 55, '2024-07-05 16:30:00'),
(56, 56, '2024-07-05 16:35:00'),
(57, 57, '2024-07-05 16:40:00'),
(58, 58, '2024-07-05 16:45:00'),
(59, 59, '2024-07-05 16:50:00'),
(60, 60, '2024-07-05 16:55:00'),
(61, 61, '2024-07-05 17:00:00'),
(62, 62, '2024-07-05 17:05:00'),
(63, 63, '2024-07-05 17:10:00'),
(64, 64, '2024-07-05 17:15:00'),
(65, 65, '2024-07-05 17:20:00'),
(66, 66, '2024-07-05 17:25:00'),
(67, 67, '2024-07-05 17:30:00'),
(68, 68, '2024-07-05 17:35:00'),
(69, 69, '2024-07-05 17:40:00'),
(70, 70, '2024-07-05 17:45:00'),
(71, 71, '2024-07-05 17:50:00'),
(72, 72, '2024-07-05 17:55:00'),
(73, 73, '2024-07-05 18:00:00'),
(74, 74, '2024-07-05 18:05:00'),
(75, 75, '2024-07-05 18:10:00'),
(76, 76, '2024-07-05 18:15:00'),
(77, 77, '2024-07-05 18:20:00'),
(78, 78, '2024-07-05 18:25:00'),
(79, 79, '2024-07-05 18:30:00'),
(80, 80, '2024-07-05 18:35:00'),
(81, 81, '2024-07-05 18:40:00'),
(82, 82, '2024-07-05 18:45:00'),
(83, 83, '2024-07-05 18:50:00'),
(84, 84, '2024-07-05 18:55:00'),
(85, 85, '2024-07-05 19:00:00'),
(86, 86, '2024-07-05 19:05:00'),
(87, 87, '2024-07-05 19:10:00'),
(88, 88, '2024-07-05 19:15:00'),
(89, 89, '2024-07-05 19:20:00'),
(90, 90, '2024-07-05 19:25:00'),
(91, 91, '2024-07-05 19:30:00'),
(92, 92, '2024-07-05 19:35:00'),
(93, 93, '2024-07-05 19:40:00'),
(94, 94, '2024-07-05 19:45:00'),
(95, 95, '2024-07-05 19:50:00'),
(96, 96, '2024-07-05 19:55:00'),
(97, 97, '2024-07-05 20:00:00'),
(98, 98, '2024-07-05 20:05:00'),
(99, 99, '2024-07-05 20:10:00'),
(100, 100, '2024-07-05 20:15:00');




-- Generating 100 entries for the Track table
INSERT INTO Track (Track_id, Creator, Track_name, Length) VALUES
(1, 2, 'Track 1', '00:05:00'),
(2, 2, 'Track 2', '00:04:30'),
(3, 3, 'Track 3', '00:03:45'),
(4, 4, 'Track 4', '00:04:15'),
(5, 5, 'Track 5', '00:04:00'),
(6, 6, 'Track 6', '00:04:30'),
(7, 7, 'Track 7', '00:05:10'),
(8, 8, 'Track 8', '00:03:20'),
(9, 9, 'Track 9', '00:04:45'),
(10, 10, 'Track 10', '00:04:25'),
(11, 11, 'Track 11', '00:03:55'),
(12, 12, 'Track 12', '00:05:20'),
(13, 13, 'Track 13', '00:04:10'),
(14, 14, 'Track 14', '00:04:40'),
(15, 15, 'Track 15', '00:03:30'),
(16, 16, 'Track 16', '00:05:05'),
(17, 17, 'Track 17', '00:03:55'),
(18, 18, 'Track 18', '00:04:15'),
(19, 19, 'Track 19', '00:04:25'),
(20, 20, 'Track 20', '00:03:45'),
(21, 21, 'Track 21', '00:04:00'),
(22, 22, 'Track 22', '00:04:30'),
(23, 23, 'Track 23', '00:04:10'),
(24, 24, 'Track 24', '00:03:20'),
(25, 25, 'Track 25', '00:04:55'),
(26, 26, 'Track 26', '00:05:30'),
(27, 27, 'Track 27', '00:04:40'),
(28, 28, 'Track 28', '00:03:35'),
(29, 29, 'Track 29', '00:04:25'),
(30, 30, 'Track 30', '00:04:15'),
(31, 31, 'Track 31', '00:03:50'),
(32, 32, 'Track 32', '00:04:05'),
(33, 33, 'Track 33', '00:05:15'),
(34, 34, 'Track 34', '00:03:30'),
(35, 35, 'Track 35', '00:04:20'),
(36, 36, 'Track 36', '00:04:10'),
(37, 37, 'Track 37', '00:03:45'),
(38, 38, 'Track 38', '00:05:00'),
(39, 39, 'Track 39', '00:04:30'),
(40, 40, 'Track 40', '00:04:25'),
(41, 41, 'Track 41', '00:03:55'),
(42, 42, 'Track 42', '00:05:20'),
(43, 43, 'Track 43', '00:04:00'),
(44, 44, 'Track 44', '00:04:45'),
(45, 45, 'Track 45', '00:03:25'),
(46, 46, 'Track 46', '00:04:15'),
(47, 47, 'Track 47', '00:05:05'),
(48, 48, 'Track 48', '00:03:40'),
(49, 49, 'Track 49', '00:04:50'),
(50, 50, 'Track 50', '00:04:35'),
(51, 51, 'Track 51', '00:03:15'),
(52, 52, 'Track 52', '00:05:10'),
(53, 53, 'Track 53', '00:04:20'),
(54, 54, 'Track 54', '00:04:30'),
(55, 55, 'Track 55', '00:03:45'),
(56, 56, 'Track 56', '00:04:25'),
(57, 57, 'Track 57', '00:04:05'),
(58, 58, 'Track 58', '00:03:55'),
(59, 59, 'Track 59', '00:05:00'),
(60, 60, 'Track 60', '00:04:40'),
(61, 61, 'Track 61', '00:03:30'),
(62, 62, 'Track 62', '00:04:15'),
(63, 63, 'Track 63', '00:04:50'),
(64, 64, 'Track 64', '00:03:25'),
(65, 65, 'Track 65', '00:04:35'),
(66, 66, 'Track 66', '00:04:10'),
(67, 67, 'Track 67', '00:04:20'),
(68, 68, 'Track 68', '00:03:40'),
(69, 69, 'Track 69', '00:05:05'),
(70, 70, 'Track 70', '00:03:55'),
(71, 71, 'Track 71', '00:04:25'),
(72, 72, 'Track 72', '00:04:00'),
(73, 73, 'Track 73', '00:03:15'),
(74, 74, 'Track 74', '00:05:30'),
(75, 75, 'Track 75', '00:04:45'),
(76, 76, 'Track 76', '00:03:20'),
(77, 77, 'Track 77', '00:04:40'),
(78, 78, 'Track 78', '00:04:10'),
(79, 79, 'Track 79', '00:03:30'),
(80, 80, 'Track 80', '00:05:00'),
(81, 81, 'Track 81', '00:04:15'),
(82, 82, 'Track 82', '00:04:25'),
(83, 83, 'Track 83', '00:03:55'),
(84, 84, 'Track 84', '00:04:50'),
(85, 85, 'Track 85', '00:03:45'),
(86, 86, 'Track 86', '00:04:35'),
(87, 87, 'Track 87', '00:04:20'),
(88, 88, 'Track 88', '00:03:25'),
(89, 89, 'Track 89', '00:04:05'),
(90, 90, 'Track 90', '00:05:10'),
(91, 91, 'Track 91', '00:03:55'),
(92, 92, 'Track 92', '00:04:30'),
(93, 93, 'Track 93', '00:04:40'),
(94, 94, 'Track 94', '00:03:40'),
(95, 95, 'Track 95', '00:04:20'),
(96, 96, 'Track 96', '00:04:00'),
(97, 97, 'Track 97', '00:03:30'),
(98, 98, 'Track 98', '00:04:45'),
(99, 99, 'Track 99', '00:04:10'),
(100, 100, 'Track 100', '00:05:05');



-- Generating entries for the Contains table
INSERT INTO Contains (Track_ID, Song_ID) VALUES
(1, 1),
(1, 2),
(2, 3),
(2, 4),
(3, 5),
(3, 6),
(4, 7),
(4, 8),
(5, 9),
(5, 10),
(6, 11),
(6, 12),
(7, 13),
(7, 14),
(8, 15),
(8, 16),
(9, 17),
(9, 18),
(10, 19),
(10, 20),
(11, 21),
(11, 22),
(12, 23),
(12, 24),
(13, 25),
(13, 26),
(14, 27),
(14, 28),
(15, 29),
(15, 30),
(16, 31),
(16, 32),
(17, 33),
(17, 34),
(18, 35),
(18, 36),
(19, 37),
(19, 38),
(20, 39),
(20, 40),
(21, 41),
(21, 42),
(22, 43),
(22, 44),
(23, 45),
(23, 46),
(24, 47),
(24, 48),
(25, 49),
(25, 50),
(26, 51),
(26, 52),
(27, 53),
(27, 54),
(28, 55),
(28, 56),
(29, 57),
(29, 58),
(30, 59),
(30, 60),
(31, 61),
(31, 62),
(32, 63),
(32, 64),
(33, 65),
(33, 66),
(34, 67),
(34, 68),
(35, 69),
(35, 70),
(36, 71),
(36, 72),
(37, 73),
(37, 74),
(38, 75),
(38, 76),
(39, 77),
(39, 78),
(40, 79),
(40, 80),
(41, 81),
(41, 82),
(42, 83),
(42, 84),
(43, 85),
(43, 86),
(44, 87),
(44, 88),
(45, 89),
(45, 90),
(46, 91),
(46, 92),
(47, 93),
(47, 94),
(48, 95),
(48, 96),
(49, 97),
(49, 98),
(50, 99),
(50, 100);



-- Generating entries for the Rate table
INSERT INTO Rate (User_ID, Song_ID, Timestamp) VALUES
(1, 1, '2024-07-05 12:00:00'),
(1, 2, '2024-07-05 12:05:00'),
(2, 3, '2024-07-05 12:10:00'),
(3, 4, '2024-07-05 12:15:00'),
(4, 5, '2024-07-05 12:20:00'),
(5, 6, '2024-07-05 12:25:00'),
(6, 7, '2024-07-05 12:30:00'),
(7, 8, '2024-07-05 12:35:00'),
(8, 9, '2024-07-05 12:40:00'),
(9, 10, '2024-07-05 12:45:00'),
(10, 11, '2024-07-05 12:50:00'),
(11, 12, '2024-07-05 12:55:00'),
(12, 13, '2024-07-05 13:00:00'),
(13, 14, '2024-07-05 13:05:00'),
(14, 15, '2024-07-05 13:10:00'),
(15, 16, '2024-07-05 13:15:00'),
(16, 17, '2024-07-05 13:20:00'),
(17, 18, '2024-07-05 13:25:00'),
(18, 19, '2024-07-05 13:30:00'),
(19, 20, '2024-07-05 13:35:00'),
(20, 21, '2024-07-05 13:40:00'),
(21, 22, '2024-07-05 13:45:00'),
(22, 23, '2024-07-05 13:50:00'),
(23, 24, '2024-07-05 13:55:00'),
(24, 25, '2024-07-05 14:00:00'),
(25, 26, '2024-07-05 14:05:00'),
(26, 27, '2024-07-05 14:10:00'),
(27, 28, '2024-07-05 14:15:00'),
(28, 29, '2024-07-05 14:20:00'),
(29, 30, '2024-07-05 14:25:00'),
(30, 31, '2024-07-05 14:30:00'),
(31, 32, '2024-07-05 14:35:00'),
(32, 33, '2024-07-05 14:40:00'),
(33, 34, '2024-07-05 14:45:00'),
(34, 35, '2024-07-05 14:50:00'),
(35, 36, '2024-07-05 14:55:00'),
(36, 37, '2024-07-05 15:00:00'),
(37, 38, '2024-07-05 15:05:00'),
(38, 39, '2024-07-05 15:10:00'),
(39, 40, '2024-07-05 15:15:00'),
(40, 41, '2024-07-05 15:20:00'),
(41, 42, '2024-07-05 15:25:00'),
(42, 43, '2024-07-05 15:30:00'),
(43, 44, '2024-07-05 15:35:00'),
(44, 45, '2024-07-05 15:40:00'),
(45, 46, '2024-07-05 15:45:00'),
(46, 47, '2024-07-05 15:50:00'),
(47, 48, '2024-07-05 15:55:00'),
(48, 49, '2024-07-05 16:00:00'),
(49, 50, '2024-07-05 16:05:00'),
(50, 51, '2024-07-05 16:10:00'),
(51, 52, '2024-07-05 16:15:00'),
(52, 53, '2024-07-05 16:20:00'),
(53, 54, '2024-07-05 16:25:00'),
(54, 55, '2024-07-05 16:30:00'),
(55, 56, '2024-07-05 16:35:00'),
(56, 57, '2024-07-05 16:40:00'),
(57, 58, '2024-07-05 16:45:00'),
(58, 59, '2024-07-05 16:50:00'),
(59, 60, '2024-07-05 16:55:00'),
(60, 61, '2024-07-05 17:00:00'),
(61, 62, '2024-07-05 17:05:00'),
(62, 63, '2024-07-05 17:10:00'),
(63, 64, '2024-07-05 17:15:00'),
(64, 65, '2024-07-05 17:20:00'),
(65, 66, '2024-07-05 17:25:00'),
(66, 67, '2024-07-05 17:30:00'),
(67, 68, '2024-07-05 17:35:00'),
(68, 69, '2024-07-05 17:40:00'),
(69, 70, '2024-07-05 17:45:00'),
(70, 71, '2024-07-05 17:50:00'),
(71, 72, '2024-07-05 17:55:00'),
(72, 73, '2024-07-05 18:00:00'),
(73, 74, '2024-07-05 18:05:00'),
(74, 75, '2024-07-05 18:10:00'),
(75, 76, '2024-07-05 18:15:00'),
(76, 77, '2024-07-05 18:20:00'),
(77, 78, '2024-07-05 18:25:00'),
(78, 79, '2024-07-05 18:30:00'),
(79, 80, '2024-07-05 18:35:00'),
(80, 81, '2024-07-05 18:40:00'),
(81, 82, '2024-07-05 18:45:00'),
(82, 83, '2024-07-05 18:50:00'),
(83, 84, '2024-07-05 18:55:00'),
(84, 85, '2024-07-05 19:00:00'),
(85, 86, '2024-07-05 19:05:00'),
(86, 87, '2024-07-05 19:10:00'),
(87, 88, '2024-07-05 19:15:00'),
(88, 89, '2024-07-05 19:20:00'),
(89, 90, '2024-07-05 19:25:00'),
(90, 91, '2024-07-05 19:30:00'),
(91, 92, '2024-07-05 19:35:00'),
(92, 93, '2024-07-05 19:40:00'),
(93, 94, '2024-07-05 19:45:00'),
(94, 95, '2024-07-05 19:50:00'),
(95, 96, '2024-07-05 19:55:00'),
(96, 97, '2024-07-05 20:00:00'),
(97, 98, '2024-07-05 20:05:00'),
(98, 99, '2024-07-05 20:10:00'),
(99, 100, '2024-07-05 20:15:00'),
(100, 1, '2024-07-05 20:20:00');


INSERT INTO Playlist (Playlist_ID, Creator, Name, Public_Private, View_count) VALUES
(1, 1, 'Playlist 1', 'Public', 100),
(2, 1, 'Playlist 2', 'Private', 200),
(3, 2, 'Playlist 3', 'Public', 150),
(4, 2, 'Playlist 4', 'Private', 220),
(5, 3, 'Playlist 5', 'Public', 180),
(6, 3, 'Playlist 6', 'Private', 240),
(7, 4, 'Playlist 7', 'Public', 160),
(8, 4, 'Playlist 8', 'Private', 210),
(9, 5, 'Playlist 9', 'Public', 130),
(10, 5, 'Playlist 10', 'Private', 190),
(11, 6, 'Playlist 11', 'Public', 170),
(12, 6, 'Playlist 12', 'Private', 230),
(13, 7, 'Playlist 13', 'Public', 140),
(14, 7, 'Playlist 14', 'Private', 205),
(15, 8, 'Playlist 15', 'Public', 125),
(16, 8, 'Playlist 16', 'Private', 195),
(17, 9, 'Playlist 17', 'Public', 165),
(18, 9, 'Playlist 18', 'Private', 225),
(19, 10, 'Playlist 19', 'Public', 135),
(20, 10, 'Playlist 20', 'Private', 215),
(21, 11, 'Playlist 21', 'Public', 155),
(22, 11, 'Playlist 22', 'Private', 235),
(23, 12, 'Playlist 23', 'Public', 145),
(24, 12, 'Playlist 24', 'Private', 200),
(25, 13, 'Playlist 25', 'Public', 170),
(26, 13, 'Playlist 26', 'Private', 210),
(27, 14, 'Playlist 27', 'Public', 180),
(28, 14, 'Playlist 28', 'Private', 220),
(29, 15, 'Playlist 29', 'Public', 190),
(30, 15, 'Playlist 30', 'Private', 230),
(31, 16, 'Playlist 31', 'Public', 200),
(32, 16, 'Playlist 32', 'Private', 240),
(33, 17, 'Playlist 33', 'Public', 210),
(34, 17, 'Playlist 34', 'Private', 250),
(35, 18, 'Playlist 35', 'Public', 220),
(36, 18, 'Playlist 36', 'Private', 260),
(37, 19, 'Playlist 37', 'Public', 230),
(38, 19, 'Playlist 38', 'Private', 270),
(39, 20, 'Playlist 39', 'Public', 240),
(40, 20, 'Playlist 40', 'Private', 280),
(41, 21, 'Playlist 41', 'Public', 250),
(42, 21, 'Playlist 42', 'Private', 290),
(43, 22, 'Playlist 43', 'Public', 260),
(44, 22, 'Playlist 44', 'Private', 300),
(45, 23, 'Playlist 45', 'Public', 270),
(46, 23, 'Playlist 46', 'Private', 310),
(47, 24, 'Playlist 47', 'Public', 280),
(48, 24, 'Playlist 48', 'Private', 320),
(49, 25, 'Playlist 49', 'Public', 290),
(50, 25, 'Playlist 50', 'Private', 330),
(51, 26, 'Playlist 51', 'Public', 300),
(52, 26, 'Playlist 52', 'Private', 340),
(53, 27, 'Playlist 53', 'Public', 310),
(54, 27, 'Playlist 54', 'Private', 350),
(55, 28, 'Playlist 55', 'Public', 320),
(56, 28, 'Playlist 56', 'Private', 360),
(57, 29, 'Playlist 57', 'Public', 330),
(58, 29, 'Playlist 58', 'Private', 370),
(59, 30, 'Playlist 59', 'Public', 340),
(60, 30, 'Playlist 60', 'Private', 380),
(61, 31, 'Playlist 61', 'Public', 350),
(62, 31, 'Playlist 62', 'Private', 390),
(63, 32, 'Playlist 63', 'Public', 360),
(64, 32, 'Playlist 64', 'Private', 400),
(65, 33, 'Playlist 65', 'Public', 370),
(66, 33, 'Playlist 66', 'Private', 410),
(67, 34, 'Playlist 67', 'Public', 380),
(68, 34, 'Playlist 68', 'Private', 420),
(69, 35, 'Playlist 69', 'Public', 390),
(70, 35, 'Playlist 70', 'Private', 430),
(71, 36, 'Playlist 71', 'Public', 400),
(72, 36, 'Playlist 72', 'Private', 440),
(73, 37, 'Playlist 73', 'Public', 410),
(74, 37, 'Playlist 74', 'Private', 450),
(75, 38, 'Playlist 75', 'Public', 420),
(76, 38, 'Playlist 76', 'Private', 460),
(77, 39, 'Playlist 77', 'Public', 430),
(78, 39, 'Playlist 78', 'Private', 470),
(79, 40, 'Playlist 79', 'Public', 440),
(80, 40, 'Playlist 80', 'Private', 480),
(81, 41, 'Playlist 81', 'Public', 450),
(82, 41, 'Playlist 82', 'Private', 490),
(83, 42, 'Playlist 83', 'Public', 460),
(84, 42, 'Playlist 84', 'Private', 500),
(85, 43, 'Playlist 85', 'Public', 470),
(86, 43, 'Playlist 86', 'Private', 510),
(87, 44, 'Playlist 87', 'Public', 480),
(88, 44, 'Playlist 88', 'Private', 520),
(89, 45, 'Playlist 89', 'Public', 490),
(90, 45, 'Playlist 90', 'Private', 530),
(91, 46, 'Playlist 91', 'Public', 500),
(92, 46, 'Playlist 92', 'Private', 540),
(93, 47, 'Playlist 93', 'Public', 510),
(94, 47, 'Playlist 94', 'Private', 550),
(95, 48, 'Playlist 95', 'Public', 520),
(96, 48, 'Playlist 96', 'Private', 560),
(97, 49, 'Playlist 97', 'Public', 530),
(98, 49, 'Playlist 98', 'Private', 570),
(99, 50, 'Playlist 99', 'Public', 540),
(100, 50, 'Playlist 100', 'Private', 580);



INSERT INTO playlistsContains (Song_ID, Playlist_ID, Date_added, Rank_in_playlist) VALUES
(1, 1, '2024-07-05', 1),
(2, 1, '2024-07-05', 2),
(3, 1, '2024-07-06', 3),
(4, 1, '2024-07-06', 4),
(5, 2, '2024-07-05', 1),
(6, 2, '2024-07-05', 2),
(7, 2, '2024-07-06', 3),
(8, 2, '2024-07-06', 4),
(9, 3, '2024-07-05', 1),
(10, 3, '2024-07-05', 2),
(11, 3, '2024-07-06', 3),
(12, 3, '2024-07-06', 4),
(13, 4, '2024-07-05', 1),
(14, 4, '2024-07-05', 2),
(15, 4, '2024-07-06', 3),
(16, 4, '2024-07-06', 4),
(17, 5, '2024-07-05', 1),
(18, 5, '2024-07-05', 2),
(19, 5, '2024-07-06', 3),
(20, 5, '2024-07-06', 4),
(21, 6, '2024-07-05', 1),
(22, 6, '2024-07-05', 2),
(23, 6, '2024-07-06', 3),
(24, 6, '2024-07-06', 4),
(25, 7, '2024-07-05', 1),
(26, 7, '2024-07-05', 2),
(27, 7, '2024-07-06', 3),
(28, 7, '2024-07-06', 4),
(29, 8, '2024-07-05', 1),
(30, 8, '2024-07-05', 2),
(31, 8, '2024-07-06', 3),
(32, 8, '2024-07-06', 4),
(33, 9, '2024-07-05', 1),
(34, 9, '2024-07-05', 2),
(35, 9, '2024-07-06', 3),
(36, 9, '2024-07-06', 4),
(37, 10, '2024-07-05', 1),
(38, 10, '2024-07-05', 2),
(39, 10, '2024-07-06', 3),
(40, 10, '2024-07-06', 4),
(41, 11, '2024-07-05', 1),
(42, 11, '2024-07-05', 2),
(43, 11, '2024-07-06', 3),
(44, 11, '2024-07-06', 4),
(45, 12, '2024-07-05', 1),
(46, 12, '2024-07-05', 2),
(47, 12, '2024-07-06', 3),
(48, 12, '2024-07-06', 4),
(49, 13, '2024-07-05', 1),
(50, 13, '2024-07-05', 2),
(51, 13, '2024-07-06', 3),
(52, 13, '2024-07-06', 4),
(53, 14, '2024-07-05', 1),
(54, 14, '2024-07-05', 2),
(55, 14, '2024-07-06', 3),
(56, 14, '2024-07-06', 4),
(57, 15, '2024-07-05', 1),
(58, 15, '2024-07-05', 2),
(59, 15, '2024-07-06', 3),
(60, 15, '2024-07-06', 4),
(61, 16, '2024-07-05', 1),
(62, 16, '2024-07-05', 2),
(63, 16, '2024-07-06', 3),
(64, 16, '2024-07-06', 4),
(65, 17, '2024-07-05', 1),
(66, 17, '2024-07-05', 2),
(67, 17, '2024-07-06', 3),
(68, 17, '2024-07-06', 4),
(69, 18, '2024-07-05', 1),
(70, 18, '2024-07-05', 2),
(71, 18, '2024-07-06', 3),
(72, 18, '2024-07-06', 4),
(73, 19, '2024-07-05', 1),
(74, 19, '2024-07-05', 2),
(75, 19, '2024-07-06', 3),
(76, 19, '2024-07-06', 4),
(77, 20, '2024-07-05', 1),
(78, 20, '2024-07-05', 2),
(79, 20, '2024-07-06', 3),
(80, 20, '2024-07-06', 4),
(81, 21, '2024-07-05', 1),
(82, 21, '2024-07-05', 2),
(83, 21, '2024-07-06', 3),
(84, 21, '2024-07-06', 4),
(85, 22, '2024-07-05', 1),
(86, 22, '2024-07-05', 2),
(87, 22, '2024-07-06', 3),
(88, 22, '2024-07-06', 4),
(89, 23, '2024-07-05', 1),
(90, 23, '2024-07-05', 2),
(91, 23, '2024-07-06', 3),
(92, 23, '2024-07-06', 4),
(93, 24, '2024-07-05', 1),
(94, 24, '2024-07-05', 2),
(95, 24, '2024-07-06', 3),
(96, 24, '2024-07-06', 4),
(97, 25, '2024-07-05', 1),
(98, 25, '2024-07-05', 2),
(99, 25, '2024-07-06', 3),
(100, 25, '2024-07-06', 4);



INSERT INTO Follows (Playlist_ID, User_ID, Start_date, End_date) VALUES
(1, 2, '2024-07-05', NULL),
(2, 3, '2024-07-05', '2024-07-15'),
(3, 4, '2024-07-05', NULL),
(4, 5, '2024-07-05', NULL),
(5, 6, '2024-07-05', '2024-07-20'),
(6, 7, '2024-07-05', NULL),
(7, 8, '2024-07-05', NULL),
(8, 9, '2024-07-05', NULL),
(9, 10, '2024-07-05', NULL),
(10, 11, '2024-07-05', '2024-08-01'),
(11, 12, '2024-07-05', NULL),
(12, 13, '2024-07-05', NULL),
(13, 14, '2024-07-05', '2024-07-25'),
(14, 15, '2024-07-05', NULL),
(15, 16, '2024-07-05', NULL),
(16, 17, '2024-07-05', NULL),
(17, 18, '2024-07-05', NULL),
(18, 19, '2024-07-05', NULL),
(19, 20, '2024-07-05', '2024-07-30'),
(20, 21, '2024-07-05', NULL),
(21, 22, '2024-07-05', NULL),
(22, 23, '2024-07-05', NULL),
(23, 24, '2024-07-05', NULL),
(24, 25, '2024-07-05', NULL),
(25, 26, '2024-07-05', NULL),
(26, 27, '2024-07-05', '2024-07-28'),
(27, 28, '2024-07-05', NULL),
(28, 29, '2024-07-05', NULL),
(29, 30, '2024-07-05', NULL),
(30, 31, '2024-07-05', NULL),
(31, 32, '2024-07-05', '2024-07-22'),
(32, 33, '2024-07-05', NULL),
(33, 34, '2024-07-05', NULL),
(34, 35, '2024-07-05', NULL),
(35, 36, '2024-07-05', NULL),
(36, 37, '2024-07-05', '2024-08-05'),
(37, 38, '2024-07-05', NULL),
(38, 39, '2024-07-05', NULL),
(39, 40, '2024-07-05', NULL),
(40, 41, '2024-07-05', NULL),
(41, 42, '2024-07-05', NULL),
(42, 43, '2024-07-05', NULL),
(43, 44, '2024-07-05', NULL),
(44, 45, '2024-07-05', NULL),
(45, 46, '2024-07-05', '2024-08-10'),
(46, 47, '2024-07-05', NULL),
(47, 48, '2024-07-05', NULL),
(48, 49, '2024-07-05', NULL),
(49, 50, '2024-07-05', '2024-07-27'),
(50, 51, '2024-07-05', NULL),
(51, 52, '2024-07-05', NULL),
(52, 53, '2024-07-05', NULL),
(53, 54, '2024-07-05', NULL),
(54, 55, '2024-07-05', NULL),
(55, 56, '2024-07-05', NULL),
(56, 57, '2024-07-05', NULL),
(57, 58, '2024-07-05', NULL),
(58, 59, '2024-07-05', '2024-08-03'),
(59, 60, '2024-07-05', NULL),
(60, 61, '2024-07-05', NULL),
(61, 62, '2024-07-05', NULL),
(62, 63, '2024-07-05', NULL),
(63, 64, '2024-07-05', NULL),
(64, 65, '2024-07-05', '2024-07-26'),
(65, 66, '2024-07-05', NULL),
(66, 67, '2024-07-05', NULL),
(67, 68, '2024-07-05', NULL),
(68, 69, '2024-07-05', NULL),
(69, 70, '2024-07-05', NULL),
(70, 71, '2024-07-05', NULL),
(71, 72, '2024-07-05', NULL),
(72, 73, '2024-07-05', NULL),
(73, 74, '2024-07-05', NULL),
(74, 75, '2024-07-05', NULL),
(75, 76, '2024-07-05', '2024-08-07'),
(76, 77, '2024-07-05', NULL),
(77, 78, '2024-07-05', NULL),
(78, 79, '2024-07-05', NULL),
(79, 80, '2024-07-05', NULL),
(80, 81, '2024-07-05', NULL),
(81, 82, '2024-07-05', '2024-08-01'),
(82, 83, '2024-07-05', NULL),
(83, 84, '2024-07-05', NULL),
(84, 85, '2024-07-05', NULL),
(85, 86, '2024-07-05', NULL),
(86, 87, '2024-07-05', NULL),
(87, 88, '2024-07-05', NULL),
(88, 89, '2024-07-05', '2024-07-28'),
(89, 90, '2024-07-05', NULL),
(90, 91, '2024-07-05', NULL),
(91, 92, '2024-07-05', NULL),
(92, 93, '2024-07-05', NULL),
(93, 94, '2024-07-05', NULL),
(94, 95, '2024-07-05', '2024-07-20'),
(95, 96, '2024-07-05', NULL),
(96, 97, '2024-07-05', NULL),
(97, 98, '2024-07-05', NULL),
(98, 99, '2024-07-05', NULL),
(99, 100, '2024-07-05', NULL),
(100, 1, '2024-07-05', '2024-08-05');

UPDATE songs
SET Music_notes = '../music2/sunshine_dream.pdf'
WHERE Song_ID = 1;


